{"cameraMode":{"drawMode":0,"name":"Shaded","section":"Shading Mode"},"sceneLighting":false,"audioPlay":false,"sceneViewState":{"m_AlwaysRefresh":false,"showFog":false,"showSkybox":false,"showFlares":false,"showImageEffects":false,"showParticleSystems":false,"showVisualEffectGraphs":true,"m_FxEnabled":true},"in2DMode":false,"pivot":{"x":-5.717568397521973,"y":5.431085586547852,"z":2.9601683616638185},"rotation":{"x":0.14201636612415315,"y":0.005050660576671362,"z":-0.0007245556334964931,"w":0.9898514747619629},"size":15.835394859313965,"orthographic":false}