{"cameraMode":{"drawMode":0,"name":"Shaded","section":"Shading Mode"},"sceneLighting":true,"audioPlay":false,"sceneViewState":{"m_AlwaysRefresh":false,"showFog":true,"showSkybox":true,"showFlares":true,"showImageEffects":true,"showParticleSystems":true,"showVisualEffectGraphs":true,"m_FxEnabled":true},"in2DMode":false,"pivot":{"x":207.89796447753907,"y":738.3446655273438,"z":-99.36141967773438},"rotation":{"x":0.0023643970489501955,"y":0.9812635779380798,"z":-0.19228050112724305,"w":0.012066385708749295},"size":950.5927734375,"orthographic":false}